,Date,Tweet
0,2023-04-20 18:55:49+00:00,Brown - radioactive waste is a major driver of environmental synchrotron science. #SSRL50
1,2023-04-20 18:53:01+00:00,"Nuclear waste powered battery lasts for thousands of years 

https://t.co/deAZG5sZNS

#Radioactive #diamond #batteries #nuclearwaste #sensors https://t.co/BxsbGbnHe6"
2,2023-04-20 18:46:38+00:00,"Brown - BL 11-2 had a 100 element Ge detector. #SSRL50 Jt: my former grad students have used that beamline for study of radioactive materials, but I‚Äôve never used it myself."
3,2023-04-20 18:06:12+00:00,EnergySolutions‚Äô Hittman Transportation Services supports the nuclear industry and has accumulated over 148 million miles safely. Hittman logs over 8 million miles per year and transports over 300 radioactive shipments per month. We're always in need of experienced drivers. https://t.co/gAfDe3I50n
4,2023-04-20 18:01:28+00:00,@stillgray @UnbiasedCrime They hate on nuclear energy because it's not sustainable according to them. Where do you put the fuel rods and radioactive waste after usage?
5,2023-04-20 17:45:46+00:00,"@SyntheticAway *detona un reactor nuclear*

No pretend√≠a ofender."
6,2023-04-20 17:24:41+00:00,"@AnaKasparian liquid thorium salt is a nuclear energy source that doesn‚Äôt have the severe risk of a nuclear meltdown and spent fuel is is not radioactive and i‚Äôd venture to say is clean but yet no one ever speaks about it. please do some research on this, and share!"
7,2023-04-20 17:09:12+00:00,"@phil_hamm @dorfman_p If radioactive waste from nuclear reactors is ""tiny in volume and trivially easy to manage"" then why is there 88,000 metric tons of spent nuclear fuel from commercial reactors in the USA with no plan to manage the toxic waste? https://t.co/uGIbCzSDpg"
8,2023-04-20 16:50:43+00:00,@CoolChris_1 @Colbywinters THIS is what happens when you're bitten by a radioactive doofus while on a school trip to a nuclear laboratory.
9,2023-04-20 16:43:22+00:00,"The Tritium being used in current Fusion experiments is also so Radioactive it makes what we use in Nuclear power plants look safe.
Fusion is supposed to be a clean energy.
What we are trying to do is anything but clean.
More money Boris Johnson blew on nonsense."
10,2023-04-20 16:15:37+00:00,"@mlperk1 @surfurgurl01 @GeneticsSociety @GeneticAlliance @CuecaLabs @Florin_Uncovers @GPlayer5150 @JCPEREZCODEX @mega_pindang71 @observadora007 @mlperk1 yap..syntetic product from nuclear reactor, radioactive  Cobalt60(as sourse for""vitamin""B12) is  ""healty""(like all products from nuclear reactor) https://t.co/s3a6aEMP2u"
11,2023-04-20 15:37:18+00:00,"@H0NEYRIVER using the nuclear heat to vaporize some of the comet to propel it, but they also find everyone dead, including the musklike character due to a leak in the shoddy reactor, and the whole comet is varying degrees of radioactive. they need it regardless, so they bring it in and this"
12,2023-04-20 15:19:01+00:00,"@DecoupleMedia If only there was a place that already has 928 radioactive holes in it, where one more radioactive hole wouldn't make a difference and already has full time military grade security?

If only... https://t.co/MVbcIl1iUF"
13,2023-04-20 15:05:00+00:00,Seismic Analyses Needed for LANL‚Äôs Two New Radioactive Liquid Waste Treatment Facilities - read the full story and more at https://t.co/Trw0Ph6byG https://t.co/pyDFNKcZJH
14,2023-04-20 14:30:18+00:00,"„ÄêÊ±öÊüìÊ∞¥Êµ∑Ê¥ãÊîæÂá∫„Äë„ÄåALPSÂá¶ÁêÜÊ∞¥„Äç„Å®„ÅÑ„ÅÜË®ÄËëâ„Åß„Åî„Åæ„Åã„Åï„Çå„Å¶ÁÑ°„ÅÑ„Åã„ÄÇ

Êµ∑Ê¥ãÊîæÂá∫„Å´ÂØæ„Åó„Å¶ÂãßÂëä„ÇíÂá∫„Åó„ÅüÂõΩ„Åå„ÄåÊ±öÊüìÊ∞¥„Äç„Çí„Å©„ÅÜÂëº„Çì„Åß„ÅÑ„Çã„Åã„ÄÇÊó•Êú¨ÊîøÂ∫ú„ÅåË®Ä„ÅÜ„ÄåALPSÂá¶ÁêÜÊ∞¥„Äç„Åß„ÅØ„Å™„Åè„ÄåÊ†∏Ê±öÊüìÊ∞¥„ÄçÔºànuclear contaminated water)„ÄÅ„ÄåÊîæÂ∞ÑÊÄßÂªÉÊ∞¥„ÄçÔºàradioactive wastewater)„Å®Ë™çË≠ò„ÄÇ

https://t.co/4T7ACBf8d1"
15,2023-04-20 13:14:16+00:00,"Fukushima is still leaking.  Any chance radioactive material could gather in rain clouds causing ""bomb cyclones"" recently causing havoc on our west coast?

Radiation 101: How far will radioactive water leaking from nuclear plant go? via @csmonitor https://t.co/CMKiCoVgnm"
16,2023-04-20 12:37:16+00:00,"""Nuclear woes."" Why would anybody want very expensive, slow to build, radioactive waste producing electricity generation?"
17,2023-04-20 11:49:49+00:00,"@ElbridgeColby In case of a nuclear WW3, should these business people be caring about their businesses and their investments in the radioactive world.
The only solution is avoidance of war especially nuclear war else it does not matter where they do business I feel!"
18,2023-04-20 11:44:01+00:00,"INCOLOY #alloy825 has been carefully produced to give it a range of properties that make it useful in the #chemicals industry. It‚Äôs also used in pollution control, #oil and gas recovery, #nuclear fuel reprocessing and handling radioactive waste. https://t.co/k17hTvLvuj"
19,2023-04-20 11:20:50+00:00,"@dorfman_p Yes, it is long overdue to retire fossil fuels.

My concern is nuclear is not any cheaper and there is no solution for the radioactive waste that remains toxic for tens of thousands of years. Managing the radioactive waste is a big reason why nuclear is expensive."
20,2023-04-20 10:49:44+00:00,"@seanhannity But...But...Putin does not like that.  So, right after the Rapture...Putin is going to send his Nuclear Missiles over to make USA...too, Radioactive for China to possess USA. And...all, of that Work &amp; Money China spent on Biden.  Up...in Smoke. The Plans of Mice &amp; Men!"
21,2023-04-20 10:15:30+00:00,"@CNN Because after all, Build Back Better is brought to you by Joe Biden and Democrats that have built nothing for America in the last 50 years, except for major toxic train derailments, leaky radioactive nuclear power plants and a $31 Trillion Dollars National Debt."
22,2023-04-20 09:58:22+00:00,@dorfman_p @InfraBrutalism There was never anything ‚Äúclean‚Äù about nuclear energy and radioactive waste.
23,2023-04-20 09:42:47+00:00,"Taking first steps towards the nuclear age, Marie &amp; Pierre Curie isolated #radioactive salts containing the element #radium #OTD in 1902. Their work paved the way for radium use in nuclear #medicine and was recognised in the physics @NobelPrize in 1903. https://t.co/kpEnYCO8Ue"
24,2023-04-20 09:32:52+00:00,@SaniaAhmad1111 Aunty nuclear bomb does not mean actual bomb even Radioactive material can create havoc and devastation! So don‚Äôt try to give cover fire to a terrorist
25,2023-04-20 09:26:53+00:00,"üåê#AbsoluteFact 
Warfare, radioactive‚ò¢Ô∏èheat, and pollution commit global suicide. 
#Nuclear reactors and their waste directly heat our habitat. 
Franceüá´üá∑uses river water to cool core and returns it 6C degrees hotter. Killing corals and devastating our life-givingüåäoceansüïä#Peace"
26,2023-04-20 09:21:33+00:00,"spread quickly,so simply throwing lots of seeds in a toxic area can quickly turn into a form of purification.Sunflower was most notably used after the Chernobyl nuclear disaster in 1986 to remove cesium &amp; strontium(radioactive elements)from the soil surrounding the disaster site."
27,2023-04-20 09:06:08+00:00,"England to supply Ukraine with radioactive bullets | Scheerpost

https://t.co/yMKDywOlz4

#Ukraine #Ukrainewar #UK #weaponry #supply #radioactive #bullets #DU #depleted #uranium #tank #shells #nuclear #technology #toxicity #risk #Gulf #War #Syndrome

https://t.co/BVjuerPQdv"
28,2023-04-20 08:42:43+00:00,"@CorneliusKalmar with colleague Tomas Nilsson exploring recovery and revitalization of üáØüáµ #Fukushima's environment #radioactive #nuclear #nuclearwaste #heritagefutures #futuresliteracy

üëâ https://t.co/tMp5NqMaWd https://t.co/7I75uKGi6F"
29,2023-04-20 08:12:55+00:00,"'The Future of Radioactive Waste Governance: Lessons from Europe'. Open access book 

#nuclear #nuclearenergy
https://t.co/IrJPQF24wL"
30,2023-04-20 07:57:50+00:00,"@ultrabrilliant Shadar Logoth in the Wheel of Time series is a Forbidding Blocks nuclear waste disposal site, Mat's dagger is radioactive and Mashadar is just radiation poisoning, in this essay I will..."
31,2023-04-20 07:41:45+00:00,"Decommissioned nuclear power plant plans on dumping 1,000s of gallons of radioactive nuclear waste water in Hudson River. Does this sound safe to you?

https://t.co/4Bb7HjNS3M"
32,2023-04-20 07:32:26+00:00,"@C_pikapika But, nuclear energy is not at all that clean...how to deal with radioactive nuclear waste?..ü§î"
33,2023-04-20 06:21:10+00:00,"@JHC_53 @EngrStudent @goddeketal Okay, but you mean nuclear fusion is way forward, fission produces too much waste which is still radioactive for tens of thousands of years, right?
And we have no actual long term solution in to storing it or recycling...Right?"
34,2023-04-20 06:11:23+00:00,"@Gregtexaspat @nano_nuclear @rmiames @HALEUFuel it is because in the boats and in a sub it is easy to put ONE THICK barrier between the reactor &amp; the crew to protect them, thus a simple shield can allow leaks to occur INTO THE OCEAN &amp; no one cares.

but these ON GROUND reactors will create a radioactive dirt pile all around."
35,2023-04-20 06:07:53+00:00,"In 1986, reactor 4 exploded in the Chernobyl nuclear power plant emitting radioactive radiation that is about 200 times higher than the total emission from the atomic bombs that fell over Nagasaki and Hiroshima. What really happened?
https://t.co/JmtHN7hSzA"
36,2023-04-20 05:36:00+00:00,"#OnThisDay 1902, Pierre and Marie Curie discovered the radioactive element radium, paving the way for groundbreaking research in the field of nuclear physics. In 1903, the couple received the #NobelPrize in Physics for their pioneering work. #PierreCurie #MarieCurie #radium"
37,2023-04-20 05:00:08+00:00,"Today in 1902, Pierre and Marie Curie isolated radium, the 1st sample of the radioactive element. In our Nuclear Decay #ELGizmo, observe the five main types of nuclear decay and write nuclear equations by determining the mass numbers and atomic numbers. https://t.co/2rpXnzoKCl https://t.co/M0CYOgC4AW"
38,2023-04-20 04:33:01+00:00,"@Samwitches_ Or even better, the government should tax the rich and use the money to open nuclear power plants. Or, even better, fund more research about nuclear fusion, which is much more sustainable and stable than the currently used nuclear fission and produces no radioactive waste!"
39,2023-04-20 03:39:58+00:00,"@BayouFilmProf I grew up with nuclear fallout drills. We were told to get under our desks. Teachers did not appreciate my questions then, like ‚Äúif the radioactive stuff can come through walls &amp; windows can‚Äôt it also come under my desk, where I‚Äôm huddled?‚Äù
Part of the reason GenX trusts no one."
40,2023-04-20 02:50:13+00:00,@Rayan192847 @Jasekasebase Garbage vs. Radioactive Nuclear Waste pretty much
41,2023-04-20 02:31:50+00:00,"@WarClandestine There was a full-page headline in a Romanian newspaper,  people were closing their windows from the radioactive emissions.

If nuclear technology installed by the US has releasing radiation from reactors &amp; spent fuel pools, it would be FAR FAR worse than simply a nuclear blast."
42,2023-04-20 01:20:57+00:00,"One week from tonight, 4/26, ""Radioactive: The Women of Three Mile Island,"" recounts the worst commercial nuclear accident in U.S. history and the ongoing health issues and legal struggles that have resulted. Meet filmmaker Heidi Hutner after the film. https://t.co/xr6VbYDP3Y https://t.co/iTOFX8EVwy"
43,2023-04-20 00:08:33+00:00,Does USA have nuclear weapons in Ukrainian nuclear plant?   To disguise their radioactive signature?  Just asking. ü§îü§îü§î
44,2023-04-19 23:33:02+00:00,"@MikeHudema Then protest against global war because I promise if we end up in a nuclear war, climate change will be the least of our worries considering we will all be dead or radioactiveüòè. Priorities."
45,2023-04-19 23:21:28+00:00,"@SaltaoVladimir @39a5c8c961d34f6 @DrKrisEdward @Saikmedi Also, the nulcear fusion we are doing Duterium +Duterium, creates radioactive tritium. This is why the bullshit that surrounds nuclear fission is rediculous. Because we will have to deal with it again when fusion goes online. 3\"
46,2023-04-19 23:13:10+00:00,"Oc idea
Abomination that was turned into a functional living being after radioactive nuclear warhead strike. While everyone else suffered, it lived and gained sentience"
47,2023-04-19 22:14:56+00:00,@RAF_Luton Semi Nuclear Bombs save half the lives of Traditional Nuclear Bombs because their radioactive components have half the half life of full half life bombs. This is why science works.
48,2023-04-19 21:25:50+00:00,"In NY, Holtec International paused plans to dump 1 million gallons of radioactive water into the Hudson River. The plan provoked community outrage. Tritium, a byproduct of nuclear fission, cannot be filtered out of water and has been linked to cancer. https://t.co/RlpG2N0hCy"
49,2023-04-19 21:20:29+00:00,@PLongsticking @KimIversenShow They want to release radioactive waste into Plymouth Harbor.  That makes me nervous. We haven't worked out what we're doing with nuclear waste even four years after the reactor was shut down. What about all the others?
50,2023-04-19 21:18:18+00:00,"@RachelQuilty @DefenceAust As part of the deal @AlboMP and @RichardMarlesMP sold us out by volunteering Australia as the High Level Nuclear Waste Dump, which includes more deadly radioactive elements than justUranium, for its AUKUS ""partners""."
51,2023-04-19 20:58:03+00:00,"From January 19, 2023
Putin's Poseidon and the Radioactive Tidal Wave of Death https://t.co/5m4S0LIETU
Threatening to use nuclear torpedoes against the UK and anyone else who dares to stand up to the Russians didn‚Äôt work."
52,2023-04-19 20:51:21+00:00,"#StatutoryJewicide is 10B population, $5Q prosperity and 1035 years late, but better late, then never, and before the #jewspired #UkraineRussiaWar/#WW3 becomes nuclear and make all Earth, 100% #Europe and #USA, a radioactive cemetery

#USA
#Ukraine
#Russia
#PMOTKOG
#Grishenkoff"
53,2023-04-19 20:44:49+00:00,"ŒßŒ±ŒºŒ∑ŒªœåœÑŒµœÅŒ∑ œÑŒπŒºŒÆ œâœÇ œÉŒÆŒºŒµœÅŒ± œÉœÑŒ± 41,76‚Ç¨ Œ±œÄœå Œ±œÄŒøŒ∏ŒÆŒ∫Œ∑ ŒöŒØŒΩŒ±œÇ | FNIRSI-GC01 Geiger Counter Nuclear Radiation Tester Professional Marble Radiation Ionization Personal Dose Alarm Radioactive¬†Tester https://t.co/lBBoPhPTTe"
54,2023-04-19 20:43:31+00:00,"**TONIGHT* April 19 @ the Silver Tops Centre, Ignace. An evening of conversation with Dr. Gordon Edwards about the risks of transporting, processing and burying all of Canada's high level radioactive waste in a single location. #NoDGR #radioactive #nonuclearwaste https://t.co/GWBqAamYyQ"
55,2023-04-19 20:41:31+00:00,"@iaeaorg I would like the IAEA to clarify whether or not hydrogen is generated when water vapor is exposed to radioactive radiation.  If it becomes possible to produce hydrogen from spent nuclear fuel, a new nuclear fuel cycle will be realized."
56,2023-04-19 20:26:01+00:00,"@eppicshotgun12 Thank u thank u, my passion is radioactive/nuclear incidents"
57,2023-04-19 20:06:07+00:00,@PLongsticking @KimIversenShow Kennedy‚Äôs aversion to nuclear power is that we haven‚Äôt come up with a SAFE way to deal with the radioactive waste it produces.
58,2023-04-19 19:22:32+00:00,"@JillayneMC @COHouseGOP @RepRyanArmagost @BethDAlady ""Why do we need to know what materials go into a nuclear reactor in order to know how radioactive it is? what a stupid argument."""
59,2023-04-19 19:07:24+00:00,"""‚ÄúRadioactive waste does not belong in our drinking water,‚Äù said Tara Vamos, Food &amp; Water Watch #Hudson Valley Volunteer Leader. ‚ÄúThere is no reason to dump toxic nuclear waste into the Hudson, other than to satisfy Holtec‚Äôs bottom line. Gov. #Hochul must join our local electeds"""
60,2023-04-19 18:55:22+00:00,@TroelsHalken @Greenpeace @EU_Commission @moneyforchange_ @GreenpeaceEU What do you do with radioactive nuclear waste?
61,2023-04-19 18:42:18+00:00,"1950s ""when a wave of nuclear tests released exotic radioactive elements &amp; isotopes into the atmosphere, &amp; their fallout settled into soils &amp; sediments.""

https://t.co/Zr3KB6Bc5o

#EarthSci #GeoSci #Anthroposcene"
62,2023-04-19 18:38:30+00:00,@KimDotcom The controllers wont use nuclear other than a scare tactic. They want control of the world for themselves but not a radioactive world. Not saying there won't be limited nuclear bombing but not world wide. Its easier to create a pandemic when you already have immunity for yourself
63,2023-04-19 18:02:38+00:00,"@JamaicaGleaner He's a freaking wealthy 1%er who anticipates leaving Earth on a rocket while the rest of us slowly die. They are planning to build a moon base for the 1% to wait out the radioactive fallout when they enact the ""Great Rest"" AKA a Nuclear Holocaust"
64,2023-04-19 18:00:19+00:00,What are ‚Äúdownwinders?‚Äù People who lived and worked in areas exposed to radioactive fallout from nuclear testing during WWII. Find out how their families have suffered and what they're still fighting for in a Hear Arizona episode. @NathanielBoyle6 reports. https://t.co/ZmPtiyVNbr https://t.co/rSkSZNUyoh
65,2023-04-19 17:17:03+00:00,"Please stop replacing nuclear energy with coal, it's significantly more toxic and actually produces more radioactive waste.

I love people in power having no idea what they're voting on, and instead just believing what lobbyists tell them."
66,2023-04-19 17:15:15+00:00,"@bayson_ray @OutnumberedFNC @HARRISFAULKNER @kayleighmcenany @EmilyCompagno @KellyannePolls @BillHemmer Also, nuclear energy produces radioactive waste.
We have an energy-from-waste plant that generates more than enough power. It powers 'Charging Stations' 4 EV cars in the downtown, at malls + other 'large' parking locations. It also powers city bldgs.
We also have windmills.
1/2"
67,2023-04-19 16:37:50+00:00,"@Foxu_xu Yes yes but Dr Anderson isn't a radioactive furnice, nuclear fission creates heat :P

(dr anderson is very hot though, even without being radioactive)"
68,2023-04-19 16:13:33+00:00,Oh my. Lets use nuclear waste in batteries! Invented in 2016 as a way to use up nuclear waste! Now we can all own a piece of radioactive waste....#Nuclear #Battery https://t.co/ZKrizIycXF
69,2023-04-19 15:45:41+00:00,"Canada‚Äôs regulatory framework for the safe and environmentally sound management of radioactive waste is aligned with international best practices.

Read @NRCan‚Äôs modernized policy for radioactive waste and decommissioning: https://t.co/0tjmAIvmtz https://t.co/w0orimtiVw"
70,2023-04-19 15:42:14+00:00,"@mark_lynas Nuclear isn't carbon free. The mining, processing and transport of uranium and yellow cake are both filthy and carbon intensive. The same goes for building storage facilities for the radioactive waste, and its transport and processing."
71,2023-04-19 15:41:38+00:00,"@P_McCulloughMD @twc_health @FreeWCH NB: the punishing of physical Babylon, that resembles nuclear war‚Äîa ""great city"" destroyed in 1 hour in fire, consequences of radioactive poisoning etc‚Äîcan't be done by Christians (we must love and forgive all people). It's done by the satanic beast's 10 horns‚ÄîRevelation 17:16."
72,2023-04-19 15:15:43+00:00,"Nuclear Energy is risky as During a Chornobyl reactor accident, Germany was hit with radioactive fallout. 
Global uncertainty and the ongoing war between Ukraine and Russia has also increased the risks for nuclear energy"
73,2023-04-19 15:15:42+00:00,"Why German Government has taken this decision 
They say they are making the country safer by closing down the nuclear reactors. 
‚Ä¢It also avoids additional high-level radioactive waste.
‚Ä¢Radioactive waste is a big concern for the country as this issue remains unsolved"
74,2023-04-19 15:07:53+00:00,"@sylwie_sch @energybants @emilyrs @ForeignPolicy CO2 is an extremely important pollutant, as it has a significant global warming potential. 
Burning coal also means more radioactive substances emitted than if the nuclear power plant was working.

So... which pollutants, specifically, you have in mind? 

[Krzysiek]"
75,2023-04-19 15:00:30+00:00,@hideCarson @SaltyFrenchBoi they shut them down on the 15th to replace it with green energy but can't even make up 10% of the lost power with green energy so they fired up more coal powerplants that emit more radioactive waste into the wild than the nuclear ones did  üï∫
76,2023-04-19 14:55:18+00:00,"One week from tonight, ""Radioactive: The Women of Three Mile Island,"" recounts the worst commercial nuclear accident in U.S. history and ongoing health issues and legal struggles that have resulted. 4/26, follwed by a discussion with filmmaker Heidi Hutner. https://t.co/qG2fKySjMv"
77,2023-04-19 14:45:05+00:00,"@Dutch1337_ @Parappa_Wrapper @Thesaints147 @Rainmaker1973 It has nothing to do with retirement age ffs.
Radioactive ""waste"" of someone like France, someone like Russia still can use as fuel just by having slightly better edge on nuclear technology. And they still can be improved."
78,2023-04-19 14:39:46+00:00,@SewnPurple @Parappa_Wrapper @Thesaints147 @Rainmaker1973 Just calculated this: France spends near a billion per year on radioactive waste management. With this money they could have set reritement age at 64 instead of 65. French work 1 year extra for nuclear.
79,2023-04-19 14:23:50+00:00,"@NikolovScience Nuclear power plants produce radioactive waste that is dangerous for MILLENNIA.

It is a NOT TRUE that nuclear power is ""clean.""  Just building the plants creates large amounts of waste."
80,2023-04-19 14:17:31+00:00,@DickDelingpole A modern Russian-submarine nuclear attack on the UK would also release a 300 metre high tsunami of highly radioactive sea water on those islands...game over immediately.
81,2023-04-19 14:13:39+00:00,"God mode 
#autunite
It just a decaying radioactive nuclear isotope that produces high amounts if alpha particles naturally which can kill surface cancers and tumors. No big deal.

‚ò¢Ô∏èü´®üò±ü´®‚ò¢Ô∏è
#ontario
#canada https://t.co/IKqcUZ06gX"
82,2023-04-19 14:13:32+00:00,"I've got the serum and I'm going to take it
All the way to Boston, oh I've got to get through
The going won't be easy, but I'm going to make it
It's the only thing that I'm cut out to do
Ride the post-atomic radioactive trash
The sky's on fire from that nuclear flash."
83,2023-04-19 13:59:23+00:00,"@LeonardVarga2 @az247cz Ne. Je to kv≈Øli histerii: ""Safety was a paramount concern in the decision to phase out nuclear power: the use of nuclear energy causes highly dangerous radioactive radiation for humans and the environment, and leaves behind highly toxic waste."" https://t.co/i7Km7wsSxT"
84,2023-04-19 13:43:23+00:00,"The whole planet is collateral damage to the nuclear industry who use radioactive materials to make deadly ordnance. 

https://t.co/WG3uXxD7jq"
85,2023-04-19 13:37:17+00:00,"@JHC_53 @LouiseBrookes8 @goddeketal Those millions of tons of coal ash are used in cement to make it more durable, According to the U.S. Department of Energy, nuclear reactors across the country produce more than 2,000 metric tons of radioactive waste a year, with most of it remaining on-site because there‚Äôs‚Ä¶"
86,2023-04-19 13:01:15+00:00,"The KJ Show #38 - Nuclear Energy: Clean, Green or Radioactive? https://t.co/959neAX6Xu https://t.co/VoYB9bEpf4"
87,2023-04-19 12:26:29+00:00,"@elonmusk @GRDecter Hmmm, a choice: coal and carbon dioxide or, nuclear and radioactive isotopes? I choose harmless c02."
88,2023-04-19 12:21:01+00:00,"A radioisotope thermoelectric generator is a type of nuclear battery that uses an array of thermocouples to convert the heat released by the decay of a suitable radioactive material into electricity by the Seebeck effect.  

#Radioisotope_thermoelectric_generator #Nuclear_battery‚Ä¶ https://t.co/RVwy3lre9R"
89,2023-04-19 12:00:55+00:00,Ulster County lawmakers urge passage of state bills banning discharge of radioactive waste into state waterways https://t.co/abIUPEyiQr
90,2023-04-19 11:56:14+00:00,@Paul13_Walnut5 @Paul1Singh She is a strange one. Regarding nuclear. Radioactive waste not to be dumped in England but it's ok for it to be dumped in Scotland. This is the type of thing that pisses us off big time. https://t.co/dSeC8zqo5o
91,2023-04-19 11:47:07+00:00,"Nuclear War Survival Skills: Knowledge Gives You a Chance to Save Your Life and Those Around You. Live Through the Probable Atomic Threats, Attacks, and Radioactive Fallout. #Amazonüá¶üá∫
https://t.co/hhJBKxLAP1"
92,2023-04-19 11:46:35+00:00,"Various radioactive elements used in nuclear power, cancer therapy or even household smoke detectors were (co-)discovered by chemist Glenn Seaborg, born #OTD in 1912. His work on Iodine 131 paved the way for modern nuclear medicine &amp; he received @NobelPrize in 1951. @officialEANM https://t.co/ncWp2XFRs6"
93,2023-04-19 11:26:13+00:00,@ShaunBurnie @mark_lynas Fossil fuel is used from uranium mining down every step across the uranium development chain (UDP) to DGR and nuclear fuel reprocessing. The emission of NPP's are radioactive by-products of processed uranium ore. Environmental health don't stand a chance.
94,2023-04-19 11:16:07+00:00,"@stonecut2010 @ivenms @MyloLuxuria @seattle_elite @Not_the_Bee No the Nuclear waste will break down over time. It only takes a long time.
2nd, the waste is actually miniscule. It takes like a 100 nuclear plants to produce the same amount of waste as a coal one.
Meanwhile coal powerplants produce radioactive waste that can NOT be broken down."
95,2023-04-19 09:58:30+00:00,"And finally, for the avoidance of doubt, it‚Äôs a myth to say #nuclearpower is renewable. #Nuclear power uses radioactive fuel, a limited source of energy. Check out our new infographic in full here üìäüîó: https://t.co/eltLvxtnZl [END] https://t.co/Y4fVgswwMt"
96,2023-04-19 09:41:30+00:00,~93% of the replacement energy will be from coal and gas. Coal produces ~100x more radioactive waste than nuclear. They have made Germany more radioactive. But they don't care. They are fanatically anti-nuclear and you can't argue with fanatics.
97,2023-04-19 08:56:31+00:00,"@BenPHeard @jordanbpeterson @TerrestrialMSR Fossil fuels release solar energy previously captured by photosynthesis. It's delayed sunshine.

Nuclear power generates of 50% waste heat that did not come from the sun.

Fission power has the additional cost in the burden on next generations to care for radioactive waste."
98,2023-04-19 08:50:53+00:00,"@pabb85 Since the first nuclear bomb test, the level of background radiation in the atmosphere has gone up a tiny, but measurable, amount. Metal, for some reason, absorbs radiation. As a result, all metal in the world is slightly more radioactive now unless..."
99,2023-04-19 08:43:22+00:00,"@BellumPaxBR @Spriter99880 @JBWolfsthal @RichardEvans36 @sajid_nadeem78 @MarkGaleotti So United States is in advance planning of offensive Nuclear first strikes.

Have fun as your cities will be turned to radioactive dust soon.  @strobetalbott

https://t.co/j2uGTLIxfM"
